"BachJS__BWV849__bwv849b10":"[577, 724, 651, 610, 666, 168, 311, 344]"
"BachJS__BWV849__bwv849b11":"[444, 737, 709, 330]"
"BachJS__BWV849__bwv849b12":"[558, 457, 499, 76, 170, 403, 430]"
"BachJS__BWV849__bwv849b13":"[545, 580, 471, 517, 625, 417]"
"BachJS__BWV849__bwv849b14":"[531, 593, 484, 654, 221, 80, 168]"
"BachJS__BWV849__bwv849b15":"[695, 612, 195, 283, 404, 370]"
"BachJS__BWV849__bwv849b16":"[457, 517, 709, 749, 678, 248, 293, 119]"
"BachJS__BWV849__bwv849b17":"[471, 499, 208]"
"BachJS__BWV849__bwv849b18":"[593, 484, 625, 194, 221, 168, 263, 330]"
"BachJS__BWV849__bwv849b19":"[444, 737, 709, 610, 181, 281, 234, 137, 385, 344, 311]"
"BachJS__BWV849__bwv849b110":"[558, 457, 248, 119, 403, 357, 430, 296]"
"BachJS__BWV849__bwv849b111":"[545, 577, 105, 370, 417]"
"BachJS__BWV849__bwv849b112":"[531, 678, 76]"
"BachJS__BWV849__bwv849b113":"[517]"
"BachJS__BWV849__bwv849b114":"[652, 90]"
"BachJS__BWV849__bwv849b115":"[173, 74, 133, 107, 271]"
"BachJS__BWV849__bwv849b116":"[591, 146, 192, 241, 94, 284]"
"BachJS__BWV849__bwv849b117":"[649, 159, 198, 78, 310]"
"BachJS__BWV849__bwv849b118":"[211, 365, 395, 424]"
"BachJS__BWV849__bwv849b119":"[539, 450, 481, 224]"
"BachJS__BWV849__bwv849b120":"[594, 565, 467, 652, 244]"
"BachJS__BWV849__bwv849b121":"[578, 704, 704, 119, 336, 256]"
"BachJS__BWV849__bwv849b122":"[578, 450, 521, 481, 604, 327, 424, 382, 271]"
"BachJS__BWV849__bwv849b123":"[539, 591, 565, 437, 494, 732, 704, 241, 365, 395]"
"BachJS__BWV849__bwv849b124":"[552, 507, 224, 426]"
"BachJS__BWV849__bwv849b125":"[541, 692, 191, 242, 74]"
"BachJS__BWV849__bwv849b126":"[707, 749, 649, 679, 679, 133, 107, 310]"
"BachJS__BWV849__bwv849b127":"[720, 630, 666, 119, 353]"
"BachJS__BWV849__bwv849b128":"[467, 734, 613, 368, 336, 405, 313]"
"BachJS__BWV849__bwv849b129":"[211]"
"BachJS__BWV849__bwv849b130":"[461, 639, 214, 76]"
"BachJS__BWV849__bwv849b131":"[684, 359, 315, 280]"
"BachJS__BWV849__bwv849b132":"[427, 498, 699, 747, 638, 669, 392]"
"BachJS__BWV849__bwv849b133":"[595, 408, 715, 654, 78, 265]"
"BachJS__BWV849__bwv849b134":"[563, 415, 730, 702, 216, 142, 332, 283]"
"BachJS__BWV849__bwv849b135":"[548, 429, 475, 394, 361, 300]"
"BachJS__BWV849__bwv849b136":"[503, 445, 318, 376]"
"BachJS__BWV849__bwv849b137":"[248]"
"BachJS__BWV849__bwv849b138":"[528]"
"BachJS__BWV849__bwv849b139":"[595, 177, 234, 361, 300]"
"BachJS__BWV849__bwv849b140":"[498, 215, 74, 315]"
"BachJS__BWV849__bwv849b141":"[513, 639, 669, 142, 107]"
"BachJS__BWV849__bwv849b142":"[528, 124, 280]"
"BachJS__BWV849__bwv849b143":"[548, 427, 130]"
"BachJS__BWV849__bwv849b144":"[563, 641, 190, 145, 76, 110, 265]"
"BachJS__BWV849__bwv849b145":"[579, 699, 730, 609, 217, 160, 92, 332, 283, 248]"
"BachJS__BWV849__bwv849b146":"[359]"
"BachJS__BWV849__bwv849b147":"[500]"
"BachJS__BWV849__bwv849b148":"[521, 460, 427, 504, 652, 393]"
"BachJS__BWV849__bwv849b149":"[409, 569]"
"BachJS__BWV849__bwv849b150":"[655, 131]"
"BachJS__BWV849__bwv849b151":"[74, 196, 111, 147, 270]"
"BachJS__BWV849__bwv849b152":"[409, 586, 219, 163, 95, 286, 254, 335]"
"BachJS__BWV849__bwv849b153":"[553, 427, 475, 607, 225, 78, 179, 238, 358, 393, 302]"
"BachJS__BWV849__bwv849b154":"[535, 569, 443, 504, 715, 623, 365, 377, 288, 317, 317]"
"BachJS__BWV849__bwv849b155":"[257]"
"BachJS__BWV849__bwv849b156":"[111, 147]"
"BachJS__BWV849__bwv849b157":"[131, 286]"
"BachJS__BWV849__bwv849b158":"[427, 680, 654]"
"BachJS__BWV849__bwv849b159":"[569, 577, 663, 607, 359]"
"BachJS__BWV849__bwv849b160":"[504, 715, 683]"
"BachJS__BWV849__bwv849b161":"[699]"
"BachJS__BWV849__bwv849b162":"[715, 739, 219, 74]"
"BachJS__BWV849__bwv849b163":"[535]"
"BachJS__BWV849__bwv849b164":"[591, 557, 403, 652, 173, 223]"
"BachJS__BWV849__bwv849b165":"[698, 633, 158, 252]"
"BachJS__BWV849__bwv849b166":"[138]"
"BachJS__BWV849__bwv849b167":"[282]"
"BachJS__BWV849__bwv849b168":"[542, 421, 716, 355]"
"BachJS__BWV849__bwv849b169":"[527, 560, 492, 731, 604, 680, 87, 78, 104, 363, 312, 282]"
"BachJS__BWV849__bwv849b170":"[513, 575, 421, 501, 700, 746, 636, 665, 226, 384]"
"BachJS__BWV849__bwv849b171":"[437, 189, 138, 104, 267]"
"BachJS__BWV849__bwv849b172":"[403, 452, 633, 158, 223, 123, 328, 252, 282]"
"BachJS__BWV849__bwv849b173":"[591, 565, 557, 420, 466, 640, 173, 141, 354, 297, 384, 238]"
"BachJS__BWV849__bwv849b174":"[493, 698, 665, 76, 312, 369]"
"BachJS__BWV849__bwv849b175":"[680, 225]"
"BachJS__BWV849__bwv849b176":"[527, 85]"
"BachJS__BWV849__bwv849b177":"[76]"
"BachJS__BWV849__bwv849b178":"[149, 76]"
"BachJS__BWV849__bwv849b179":"[548, 221, 84, 292]"
"BachJS__BWV849__bwv849b180":"[533, 563, 502, 685, 609, 178, 148, 229, 359]"
"BachJS__BWV849__bwv849b181":"[518, 578, 475, 700, 747, 631, 666, 367, 255, 292]"
"BachJS__BWV849__bwv849b182":"[430, 422, 460, 715, 593, 651, 275]"
"BachJS__BWV849__bwv849b183":"[445, 505, 730, 635]"
"BachJS__BWV849__bwv849b184":"[565]"
"BachJS__BWV849__bwv849b185":"[114]"
"BachJS__BWV849__bwv849b186":"[503, 701, 666, 337, 378]"
"BachJS__BWV849__bwv849b187":"[685, 99, 322, 292]"
"BachJS__BWV849__bwv849b188":"[533, 76, 114, 307, 275]"
"BachJS__BWV849__bwv849b189":"[221, 83, 129, 255]"
"BachJS__BWV849__bwv849b190":"[563, 148, 178, 240]"
"BachJS__BWV849__bwv849b191":"[406, 633, 163]"
"BachJS__BWV849__bwv849b192":"[565, 391, 642, 593, 192, 358]"
"BachJS__BWV849__bwv849b193":"[360]"
"BachJS__BWV849__bwv849b194":"[252]"
"BachJS__BWV849__bwv849b195":"[422, 470, 697, 220, 386]"
"BachJS__BWV849__bwv849b196":"[406, 541]"
"BachJS__BWV849__bwv849b197":"[525, 557, 493, 606, 677]"
"BachJS__BWV849__bwv849b198":"[509, 572, 697, 746, 629, 661, 126]"
"BachJS__BWV849__bwv849b199":"[713, 588, 645, 191, 142, 74, 111, 284]"
"BachJS__BWV849__bwv849b1100":"[453, 496, 729, 158, 220, 95, 356]"
"BachJS__BWV849__bwv849b1101":"[559, 437, 632, 174, 78, 315, 366, 283]"
"BachJS__BWV849__bwv849b1102":"[525]"
"BachJS__BWV849__bwv849b1103":"[557, 629, 588, 267]"
"BachJS__BWV849__bwv849b1104":"[406, 697, 661, 220, 332, 283, 252]"
"BachJS__BWV849__bwv849b1105":"[422, 470, 677, 174, 354, 386, 236, 299]"
"BachJS__BWV849__bwv849b1106":"[437, 493, 142, 315, 370]"
"BachJS__BWV849__bwv849b1107":"[453, 126]"
"BachJS__BWV849__bwv849b1108":"[82, 74, 111]"
"BachJS__BWV849__bwv849b1109":"[729]"
